model,modality,accuracy,edit_distance,edit_score,average_precision@0.1,average_precision@0.25,average_precision@0.5,average_recall@0.1,average_recall@0.25,average_recall@0.5,average_f1@0.1,average_f1@0.25,average_f1@0.5
MTRSAP,Ego Video (Resnet), 0.5242789074537717,56,0.5242787048917247,0.6592653850090922,0.5733661393272377,0.38899608527754986,0.40261818306616076,0.361866183429559,0.26389559667948703,0.4817863101311922,0.4282855324242731,0.3045014355516149
MTRSAP,Ego Video (I3D Flow,RGB),0.5379968009475947,55,0.5379964479920654,0.630927776849166,0.5738676884877585,0.3716381786428226,0.4748351834420104,0.4323321406812234,0.27946783987438006,0.526220591409407,0.47802611111448795,0.3127001672179877
MTRSAP,IMU (Smartwatch),0.4407638735207486,66,0.44076303559080876,0.4727079181092936,0.42579433398175065,0.3015544047612018,0.3217074698555251,0.29815738822152077,0.21392206874410702,0.37117549831417845,0.3408613491681627,0.24395414314172223
MTRSAP, Ego Video + Audio (Resnet,Mel-Spectrogram),
MTRSAP, Ego + Exo Video (Resnet),