model,modality,accuracy,edit_distance,edit_score,average_precision@0.1,average_precision@0.25,average_precision@0.5,average_recall@0.1,average_recall@0.25,average_recall@0.5,average_f1@0.1,average_f1@0.25,average_f1@0.5
MTRSAP,Ego Video (Resnet),0.4692341261077542,63,0.46923369918431773,0.6120815196708055,0.5308768081824804,0.32443351466460707,0.3894554413235924,0.3408985357194898,0.21504376189562766,0.46066418273825394,0.4018185821151322,0.25228815866937804
MTRSAP,Ego Video (I3D Flow+RGB),0.4885238484576408,60,0.48852333369282397,0.5476376832184989,0.49700279568866607,0.3095697517475261,0.3783223331441195,0.3427685951808986,0.21695184375576143,0.4375727269239449,0.3967110768064647,0.24980747639608175
MTRSAP,IMU (Smartwatch),0.3890896481564508,72,0.38908943400514623,0.3863856351064111,0.3378624669964156,0.20728643795424886,0.321142450936646,0.277902042926195,0.17087666492489154,0.33977152296015267,0.29600696624887124,0.18202779183346426
MTRSAP, Ego Video + Audio (Resnet+Mel-Spectrogram),0.4552174926312428,64,0.4552164616861747,0.44846091335718435,0.40042808425817883,0.28907960838764407,0.32427035859967734,0.2843691327736168,0.20400582925436997,0.36631615916883353,0.3242291770788092,0.23480523957843683
MTRSAP, Ego + Exo Video (Resnet),0.4784067390992327,62,0.47840605583694273,0.6317321789175576,0.563636813701173,0.3485052419710636,0.37397258309921194,0.33451447756729,0.2125726183933924,0.45803961889016004,0.4095318404177638,0.25771834446880876
CLIP, CLIP + Ego Video, 0.042, 4440, 0.044, 0.003,0.002,0.001,0.002,0.001, 0.000,0.045,0.024,0.006