model,modality,accuracy,edit_distance,edit_score,average_precision,average_recall,average_f1
MTRSAP,Ego Video (Resnet),0.6826940605973021,6,0.6843863636363637,0.5484318171006483,0.612464379055288,0.5575461365234092
MTRSAP,Ego Video (I3D Flow,RGB),0.7034000509462152,5,0.7034,0.5891696086501281,0.6587737478971246,0.6035045461993513
MTRSAP,IMU (Smartwatch),0.37,8,0.55,0.44,0.38,0.55
MTRSAP, Ego Video + Audio (Resnet,Mel-Spectrogram),0.23,10.00,0.718,0.33,0.25,0.43,
MTRSAP, Ego + Exo Video (Resnet),0.7007651656109432,6,0.7125363636363637,0.5715350621600622,0.6257601966936382,0.5793828758360778