subject_type,scenario,total_duration,total_subjects,total_videos,duration_minutes,duration_hours
General Public,cardiac_arrest,6965.866669,16,93,116.09777781666666,1.9349629636111112
Medical School,cardiac_arrest,1408.974232,2,11,23.482903866666668,0.39138173111111113
Medical School,chest_pain,914.580333,1,3,15.24300555,0.2540500925
North Garden,cardiac_arrest,8589.580995,9,63,143.15968325,2.385994720833333
WARS,cardiac_arrest,1020.1190999999999,1,2,17.001984999999998,0.2833664166666666
WARS,chest_pain,2559.823933,4,8,42.663732216666666,0.7110622036111112
